,Job_Title,Company,Location,First_Posted,Link,Job_Desc
0,Executive (Data Analyst) - (00BWB),National University of Singapore,Singapore,19h ago,https://www.jobstreet.com.sg/en/job/executive-data-analyst-00bwb-8169798?jobId=jobstreet-sg-job-8169798&sectionRank=1&token=0~a0dc3286-3f87-48b4-bfba-a600cb04b8e3&fr=SRP%20Job%20Listing,"Provide on-going support in terms of database-level extraction from existing school systems and platforms.Work with requestors to understand their needs and provide relevant insights through data interpretation and analysis to support the work of programme offices.Support decision-makers such as the Programme Directors and Vice Deans in statistical analysis reporting during key periods such as BOE, course allocation and module registration.Work with programme offices to ensure smooth system operations during key periods such as module registrations.Identify opportunities for use of advanced data analytics tools and techniques to increase work effectiveness and efficiency.Provide IT and data consultancy and present solutions to staff in programme offices for corporate or academic initiatives.Conduct or facilitate knowledge sharing of emerging technologies.Assist in any new technical initiatives and tasks assigned by supervisor.Recognised degree in computer science or related fields.Preferably with 1-2 years of relevant working experience in education institutions settings.Proficient in database language(s) and the use of Microsoft excel.Familiarity in enterprise systems such as PeopleSoft Campus solutions and SAP.Knowledge of R, Oracle DB, MySQL, Qlik Sense, QlikView, Tableau would be advantageous.Good team player, able to connect with people of all levels.Self-motivated with the ability to prioritise tasks and work independently.Strong analytical skills and meticulous over details."
1,Data Analyst,D L Resources Pte Ltd,Singapore,11h ago,https://www.jobstreet.com.sg/en/job/data-analyst-8154732?jobId=jobstreet-sg-job-8154732&sectionRank=2&token=0~a0dc3286-3f87-48b4-bfba-a600cb04b8e3&fr=SRP%20Job%20Listing,"Job Roles:Regular data mining, transformation, visualization, analytics and reporting worksCoordinate with various internal and external technology stakeholders across the different application domains, information security and infrastructure sectors to ensure smooth data-to-insights communication.Responsible for delivering, standardizing and automating data analytic reports, notifications and dashboards.Job Requirements:Degree in Computer Science, Engineering, Mathematics & Statistics or related discipline.At least 3 - 7 years’ prior data analytics/science experience, proficient in statistical tools such as Excel Macro and Data visualization tools such as Powerpoint and Sharepoint is a must.Proven ability to deliver data transformation, visualization and analytics in technology in the banking industryProven ability in standardizing and automating data analytic reports, notifications and dashboardsAdditional experience in data transformation and data visualization tools such as Tableau, Spotfire, Kibana, Qlikview is a strong plus.Additional experience in application support environment and understanding of ITIL methodology is a plusWe offer an attractive remuneration package. Please send your detailed resume via APPLY NOW or to:D L Resources Pte Ltd10 Anson Road #19-12 International Plaza Singapore 079903We regret that only short-listed candidates will be notified."
2,"Data Analyst, Infection Prevention & Epidemiology",Singapore General Hospital,Outram,11h ago,https://www.jobstreet.com.sg/en/job/data-analyst-infection-prevention-epidemiology-8153129?jobId=jobstreet-sg-job-8153129&sectionRank=3&token=0~a0dc3286-3f87-48b4-bfba-a600cb04b8e3&fr=SRP%20Job%20Listing,"The incumbent will identify, develop and provide key insights, management information and analytics for effective decision making and action in the Department of Infection Prevention and Epidemiology. Job duties include, but not limited to, the following:·         Manage data collection and extraction according to data definition and criteria·         Perform relational trending and forecasting based on historical information to establish meaningful analysis and in-depth understanding across both operational and clinical datasets.·         Design, develop, manage and maintain the department various databases·         Prepare statistical analysis for studies and research papers·         Provide Biostatistics training and statistical analysis support and advice to the stakeholders as and when requiredJob Requirements:·         Recognized degree in Biostatistics, Statistics, Mathematics, Information Technology, Engineering or related quantitative disciplines·         2-3 years of relevant working experience in the healthcare sector will be preferred.·         Proficient in Microsoft Office and SPSS. Knowledge of STATA / SAS will be an added advantage.·         Conversant in one of the following – R, Python·         Ability to work independently with minimal supervision as well as in a team·         Ability to achieve targets within set time frames"
3,"Data Analyst ( Entry Level / Junior Executive , MNC)",RecruitFirst Pte. Ltd,Central,1d ago,https://www.jobstreet.com.sg/en/job/data-analyst-entry-level-junior-executive-mnc-8168080?jobId=jobstreet-sg-job-8168080&sectionRank=4&token=0~a0dc3286-3f87-48b4-bfba-a600cb04b8e3&fr=SRP%20Job%20Listing,"Sourcing and validating raw data as well as doing data quality checksAnalysing company financial statements and identifying specific data pointsUpdating and processing data onto the database adhering to time sensitivityMaintaining and enhancing existing databaseApplying problem-solving skills to enhance processes and software Take ownership and be proactive with key areas of responsibilitiesRequirements:Bachelor or/and Master degree in Business, Finance, Accounting, Economics or equivalent work experiencePrior experience / strong knowledge and understanding of the financial marketsAbility to think critically and demonstrate examples of improving or developing processesStrong organization skills with ability to handle multiple projects simultaneously within tight deadlinesEffective project management skills and ability to prioritize tasks in a fast pace changing environmentExcellent written and verbal communication skills demonstrated in client facing environmentInterested, please send your resume (in word format) to [email protected]We regret to inform that only shortlisted candidates will be notified.Name/Reg No: Kwok Huen Wai/R1433611EA License: RecruitFirst: 13C6342"
4,Data Analyst Engineer,RecruitFirst Pte. Ltd,Central,12h ago,https://www.jobstreet.com.sg/en/job/data-analyst-engineer-8170444?jobId=jobstreet-sg-job-8170444&sectionRank=5&token=0~a0dc3286-3f87-48b4-bfba-a600cb04b8e3&fr=SRP%20Job%20Listing,"Location: CentralSalary: up to $5000Duties:Work with business users and data platform team for requirement gathering and process collaborationDevelop data processing pipelines for data modelling, analysis, and reporting from large and complex transaction datasetsBuild BI dashboards with Tableau and internal BI tools for data insights and business supportRequirement:Degree in Computer Science or related technical field2+ years of working experience in data analysis/data warehouse/mart development and BI reportingGood understanding of Python, SQL, HiveQL/SparkSQL and the relevant best practices/techniques for perf tuningWorking experience in building BI dashboards with Tableau and other BI toolsStrong analytical and technical skills in building batch/streaming data pipelines for big dataCan communicate in both English and Chinese for requirement gathering and analysisInterested applicants kindly email to [email protected] or https://api.whatsapp.com/send?phone=6590100921 with your resume to apply.Kindly indicate ""DataE”.All applicants will be treated with strictest confidentiality.We regret that only shortlisted candidates will be notified.Thank you.Toh Jun Xian (Consultant) | R1879771RecruitFirst Pte Ltd | E.A No.: 13C6342"
5,Regional Retail Data Analyst,Ninja Van,Central,23h ago,https://www.jobstreet.com.sg/en/job/regional-retail-data-analyst-8169192?jobId=jobstreet-sg-job-8169192&sectionRank=6&token=0~a0dc3286-3f87-48b4-bfba-a600cb04b8e3&fr=SRP%20Job%20Listing,"The Regional Retail Data Analyst’s role is to maintain a high, accurate and consistent level of visibility into PUDO’s performance across each of our markets. This will be done through writing/maintaining database queries (and presenting such information in a structured and concise manner) and coordinating with operating units to ensure data capture is consistent with realities on ground. The Regional Data Analyst would also be responsible for the efficiency of PUDO data extraction across the region and working with the Business Intelligence department to ensure that our databases are optimally structured to facilitate data analysisResponsibilitiesGenerate queries or dashboards summarizing business data for review by managers and other stakeholdersManage timely flow of business intelligence information to usersMaintain and update queries and dashboards, as well as update databasesProvide technical support for existing queries and dashboardsRequirements Bachelor in Science, Mathematics or Computer Science related fieldsNo experience required, however, any data analyst related experiences will be advantageousProficient in SQLPossesses critical analytical thinking skill"
6,"Trainee, CS Data Analyst #SGUnitedTraineeships #joinHealthineersASEAN",Siemens Healthcare Pte Ltd,North-East,1d ago,https://www.jobstreet.com.sg/en/job/trainee-cs-data-analyst-sgunitedtraineeships-joinhealthineersasean-8141299?jobId=jobstreet-sg-job-8141299&sectionRank=7&token=0~a0dc3286-3f87-48b4-bfba-a600cb04b8e3&fr=SRP%20Job%20Listing,"Do you want to contribute to the future of healthcare? As Siemens Healthineers values those who dedicate their energy and passion to this cause, our company’s name is dedicated to our employees. It’s their pioneering spirit, blended with our long history of engineering in the ever-evolving healthcare industry that truly makes us unique as an employer.We offer you a flexible and dynamic environment and the space to stretch beyond your comfort zone in order to grow both personally and professionally. Sound interesting?Then come in and join our global team as Trainee, CS Data Analyst to support, maintain, develop and implement data services for Customer Services.Your mission and responsibilities:• You deal with different data sources that are to be integrated into the solution• You support and develop dashboards and visualization to answer targeted business questions• You have tasks from reporting to perspective work with AI and machine learning tools for predictive analytics• You maintain and enhance the use of existing reports and dashboards to help optimize operationsTo find out more about the specific business, have a look at https://www.siemens-healthineers.com/services/customer-servicesYour qualifications and experiences:• Degree in computer science, data science or similar experience• Strategic understanding of data structures and foundation on statistics• Good skills and hands-on experience of programming and data visualization• Experience with data analytics as well as related systems and tools, e.g. SAS, R, SQL, Teradata, or similar data analytics workbenchesYour personality and skills:• You are a strong team player.• You are able to explain value behind data to non-experts• You are curious to discover new insights out of large amounts of data• You are able to communicate in English with a global and regional team• You are generally IT-savvy and able to solve day-to-day IT challengesBeing part of our team:Siemens Healthineers is a leading global medical technology company. More than 53,000 dedicated colleagues in over 70 countries are driven to shape the future of healthcare. An estimated 5 million patients across the globe benefit every day from our innovative technologies and services in the areas of diagnostic and therapeutic imaging, laboratory diagnostics and molecular medicine, as well as digital health and enterprise services.Your cultural fit:Our unique team spirit arises from embracing different perspectives, open debate, and the will to challenge conventions. Change is a constant aspect of our work. We aspire to lead the change in our industry rather than just react to it. That’s why we want you to seek, implement and celebrate your best ideas.Duration of Traineeship:12 MonthsEligibility Criteria for SGUnitedTraineeships:• Singapore Citizen or  Permanent Resident; and1. Graduated or graduating in calendar year 2019 or 2020 from ITEs, polytechnics, universities, or other educational institutions (e.g. private universities and overseas institutions); or2. Graduated earlier from above institutions and completed National Service in 2019 or 2020.**Above role is for a SG United Traineeship programme and PR is part of the eligibility criteria as required by WSG#SGUnitedTraineeships #joinHealthineersASEAN"
7,Data Analyst [CBD/Up to $4.5k/Tableau/Cognos/SQL] (ID: 504548),PERSOL Singapore (a division of Capita Pte Ltd),Central,20h ago,https://www.jobstreet.com.sg/en/job/data-analyst-[cbd-up-to-$4-5k-tableau-cognos-sql]-id:-504548-8169645?jobId=jobstreet-sg-job-8169645&sectionRank=8&token=0~a0dc3286-3f87-48b4-bfba-a600cb04b8e3&fr=SRP%20Job%20Listing,"Our client, a well-known Japanese company is currently looking for a Data Analyst position.Responsibilities:• Analyze the system demand and return forecast results and adjust the system forecast parameters in identifying the issues.• Enhance and develop system forecast logic algorithm, understanding the system forecast logic and management process • Respond to the forecast system user's inquiry as to the system forecast value background.• Supervise and support the junior analyst activities.• Support Line Manager to expedite the team’s strategy, direction, and target.Job Requirements:• Bachelor's Degree/ Diploma• Proficiency in Excel/VBP/Tableau/Cognos/SQL• Excellent analytical skillset• Strong problem-solving and Risk analysis skillset analyzing Company internal system data as well as the forecast system background data.• Ability to review complex information, perform comparative analysis, and make recommendations based on findings• Good coaching with excellent communication skills• Preferably minimum 2 years’ experience in the industry• Preferably with shipping / logistics job experienceFor interested applicant, kindly send your resume in Ms. Word format to [email protected]We regret that only shortlisted candidates will be notified.Capita Pte Ltd | EA License No. 08C2893  |  RCB No. 200701282M Joanne (Chin Hui Teng) | EA Registration No.: R1984028"
8,Data Analyst,Pan-United Corporation Ltd,East - Others,11h ago,https://www.jobstreet.com.sg/en/job/data-analyst-8153451?jobId=jobstreet-sg-job-8153451&sectionRank=9&token=0~a0dc3286-3f87-48b4-bfba-a600cb04b8e3&fr=SRP%20Job%20Listing,"Opportunity to work in an Asian MNC with a presence in Singapore, Malaysia, Vietnam and IndonesiaConcrete and technology innovation is the core of what we doPassionate, energetic and innovative work cultureResponsibilities:Analyze raw data: assessing quality, cleansing, structuring for downstream processingDesign accurate and scalable prediction algorithmsCreate predictive, prescriptive and/or explanatory modelsGenerate actionable insights for business improvementsResearch and understand the latest technologies to define new process improvement opportunitiesRequirements:Bachelor's degree in Computer Science/ Information Technology or equivalent Deep understanding of predictive modeling, machine-learning, clustering and classification techniques, and algorithmsProficient in a programming language (Python, Java, SQL)Strong analytical skills with the ability to collect, organize, analyze, and disseminate significant amounts of information with attention to detail and accuracyAdept at queries, report writing and presenting findingsAdditional experience in data visualization and/or knowledge of reinforcement learning is a plus"
9,Data Analyst // Min Degree,RecruitFirst Pte. Ltd,Central,1d ago,https://www.jobstreet.com.sg/en/job/data-analyst-min-degree-8168059?jobId=jobstreet-sg-job-8168059&sectionRank=10&token=0~a0dc3286-3f87-48b4-bfba-a600cb04b8e3&fr=SRP%20Job%20Listing,"1) Career Growth2) Excellent MNCResponsibilitiesSourcing and validating raw data as well as doing data quality checksAnalysing company financial statements and identifying specific data pointsUpdating and processing data onto the database adhering to time sensitivityMaintaining and enhancing existing databaseApplying problem-solving skills to enhance processes and softwareTake ownership and be proactive with key areas of responsibilitiesRequirementsBachelor or/and Master degree in Business, Finance, Accounting, Economics or equivalent work experiencePrior experience / strong knowledge and understanding of the financial marketsAbility to think critically and demonstrate examples of improving or developing processesStrong organization skills with ability to handle multiple projects simultaneously within tight deadlinesEffective project management skills and ability to prioritize tasks in a fast pace changing environmentPractical experience in interpreting financial statements and strong knowledge/understanding of finance and accountingHave passed CFA level 1 or working towards the qualificationInterested applicants, please send your resumeEmail: [email protected]Whatapps: 84084105 (https://wa.me/6584084105)Telegram: @SGJOB4_UFor more jobs please join us on Telegram:Telegram: https://t.me/sgjob4u or Search @SGJOB4U on Telegram!Regret to inform only shortlisted candidates will be notified.Thank you!Elise Wong (R1872890)RecruitFirst Pte Ltd (13C6342)"
10,Business Analyst - Banking (Data Analysis / SQL),Cognizant Technology Solutions Asia Pacific Pte Ltd,Singapore,1d ago,https://www.jobstreet.com.sg/en/job/business-analyst-banking-data-analysis-sql-8167924?jobId=jobstreet-sg-job-8167924&sectionRank=11&token=0~a0dc3286-3f87-48b4-bfba-a600cb04b8e3&fr=SRP%20Job%20Listing,"ResponsibilitiesSeasoned Business Analyst with end to end experience in business analysis development lifecycle and working within Business, Change Management or IT teamsOwn and create ‘Business & Functional Specification Documentation’ and be a single point of contact for projects or initiatives allocated toEnd to end support across all SDLC stages - development/test/production coordination on all stages.Qualifications & Relevant ExperienceDegree in Computer Science / Business Administration or equivalentMinimum 4 years of overall Business Analyst experience with a focus in data analysis, data mapping, data visualization, data analytics in IT Consulting firmsDomain experience in retail and digital banking is desiredStrong SQL proficiencyProject management / PMO: ability to independently manage small team, support Project ManagerActive approach to solving assigned tasksProblem solving and critical mindsetAbility to work in a team and to work under stressDiligence, punctuality, a systematic responsible approachWillingness to invest time in its own knowledge and competencies"
11,Data Analyst,D L Resources Pte Ltd,Singapore,1d ago,https://www.jobstreet.com.sg/en/job/data-analyst-8121432?jobId=jobstreet-sg-job-8121432&sectionRank=12&token=0~a0dc3286-3f87-48b4-bfba-a600cb04b8e3&fr=SRP%20Job%20Listing,"Job Roles:Regular data mining, transformation, visualization, analytics and reporting worksCoordinate with various internal and external technology stakeholders across the different application domains, information security and infrastructure sectors to ensure smooth data-to-insights communication.Responsible for delivering, standardizing and automating data analytic reports, notifications and dashboards.Job Requirements:Degree in Computer Science, Engineering, Mathematics & Statistics or related discipline.At least 3 - 7 years’ prior data analytics/science experience, proficient in statistical tools such as Excel Macro and Data visualization tools such as Powerpoint and Sharepoint is a must.Proven ability to deliver data transformation, visualization and analytics in technology in the banking industryProven ability in standardizing and automating data analytic reports, notifications and dashboardsAdditional experience in data transformation and data visualization tools such as Tableau, Spotfire, Kibana, Qlikview is a strong plus.Additional experience in application support environment and understanding of ITIL methodology is a plusWe offer an attractive remuneration package. Please send your detailed resume via APPLY NOW or to:D L Resources Pte Ltd10 Anson Road #19-12 International Plaza Singapore 079903We regret that only short-listed candidates will be notified."
12,Data Analyst-Cust Exp[East/ Banking/ Contract]-SL,Kelly Services (S) Pte Ltd,Central,1d ago,https://www.jobstreet.com.sg/en/job/data-analyst-cust-exp[east-banking-contract]-sl-8167424?jobId=jobstreet-sg-job-8167424&sectionRank=14&token=0~a0dc3286-3f87-48b4-bfba-a600cb04b8e3&fr=SRP%20Job%20Listing,"- East Working location- 12month Kelly Services Contract- Reputable Local BankJob DescriptionExploratory data analysis to understand customer struggles in the digital journey and create actionable insights through journey analyticsDeep-dive analysis using advanced statistical methods to understand the primary drivers behind customer strugglesApply machine learning techniques to do customer segmentation, intelligent targeting and predictive servicingAble to understand and solve the business problem by translating into a data model and building insights into an actionable outcomeAnalyse experiment results and identify opportunities for improving experiment uplift; propose new experiment iterations based on the insights from the dataSupport full lifecycle of experimentation (A/B testing) through journey analytics and machine learning driven insightsCollaborate with cross-functional business teams to deliver high-impact insights using analytics across a variety of customer servicing areasCreate visualization/dashboards for key metrics/insightsVerification/UAT of technology solution to ensure functional requirements are metRequirementsDegree or higher in Statistics/ Data Science/ Computing/Engineering, with a strong background in statistical conceptsA good understanding of data analysis and machine learning, NLP conceptsExcellent hands-on experience in  - Python, Pyspark, Spark SQL/mysql  - Hadoop eco-system (Hive, HDFS, Pig etc.)  - End to end data science workflow, starting from data extraction, wrangling, modelling and deployment in production environmentFamiliarity with Linux based operating systemA good understanding of data analysis and machine learningExcellent hands-on experience in  - Python, Pyspark, Spark SQL/mysqlKnowledge of software development life cycle preferredExperience creating real time and rich data visualizations that involves large datasetsExperience manipulating structured and unstructured data sources for analysisWe regret to inform that only shortlisted candidates will be contacted.Interested candidates, please forward your resume to [email protected]Kelly Services (Singapore) Pte Ltd EA License No. 01C4394 I RCB No. 200007268E EA Reg. No. R1768100 (Lin Jinquan Isaiah Simon)By submitting your curriculum vitae or personal data to us in connection with your job application, you hereby consent to Kelly Services (Singapore) Pte Ltd and its affiliates (including Capita Pte Ltd, P-Serv Pte Ltd, PERSOLKELLY Pte Ltd, BTI Executive Search Pte Ltd, PERSOLKELLY Consulting Pte Ltd) collecting, using and disclosing your personal data to prospective employers to collect, use and disclose these personal data for purposes of evaluating your suitability for employment ,conducting reference checks, administering employment related services and such other purposes stated in our privacy policy. You acknowledge that the full privacy policy is available at www.kellyservices.com.sg or at your request. If you wish to withdraw your consent, please drop us an email [email protected] to let us know. All resumes and personal particulars sent to the aforementioned email address will Not be attended to as the address is not for job application purpose."
13,Data Analyst - 6 Months Contract (Convertible),RecruitFirst Pte. Ltd,Central,1d ago,https://www.jobstreet.com.sg/en/job/data-analyst-6-months-contract-convertible-8168824?jobId=jobstreet-sg-job-8168824&sectionRank=15&token=0~a0dc3286-3f87-48b4-bfba-a600cb04b8e3&fr=SRP%20Job%20Listing,"Responsibilities:Sourcing and validating raw data as well as doing data quality checksAnalysing company financial statements and identifying specific data pointsUpdating and processing data onto the database adhering to time sensitivityMaintaining and enhancing existing databaseApplying problem-solving skills to enhance processes and softwareTake ownership and be proactive with key areas of responsibilitiesRequirements:Bachelor or/and Master degree in Business, Finance, Accounting, Economics or equivalent work experienceAbility to think critically and demonstrate examples of improving or developing processesStrong organization skills with ability to handle multiple projects simultaneously within tight deadlinesInterested applicants,Please forward a copy of your resume to [email protected]R1984307 | Amber Chang Wei ChiehEA13C6342 | RecruitFirst Pte Ltd"
14,$4500 / Data Analyst (SQL) / Healthcare / 6 months extendable /Urgent,Capita Pte Ltd – Temp & Contract,Central,1h ago,https://www.jobstreet.com.sg/en/job/$4500-data-analyst-sql-healthcare-6-months-extendable-urgent-8170746?jobId=jobstreet-sg-job-8170746&sectionRank=16&token=0~a0dc3286-3f87-48b4-bfba-a600cb04b8e3&fr=SRP%20Job%20Listing,"Duration: 6 months extendable contractWork Location: Nearby Redhill and Queenstown (Shuttle bus available from MRT)Job DescriptionThe analytics team will provide the projection for each work stream and service programme and guide the development team to design the new hospital, as well as support the Enterprise analytics in research programme.You will be responsible in stakeholder management, to address the business and information needs and translate into analytics problem, as well as obtain the underlying data, processing, analysing and present to stake holders.You will also be responsible for managing and maintaining the data assets, dashboards and projects related to data analytics applications to support the on-going operation’s needs.Requirements:Masters’ Degree or Bachelors’ Degree in Operation Research/Management, Mathematics, Computer Science/Engineering, Industrial Engineering, Business Analytics, Information System, Physics or other quantitative disciplines.Ability to work with multi-disciplinary teams, collaborative, accommodative and supportive to contribute to the shared vision and common goal.Min. 2-3 years of hands-on experience in data mining, machine learning modelling (natural language processing, regression, time-series etc.), predictive analytics and big data analytics. Fresh graduate will also be considered based on merit.Knowledge & experience in advanced statistical techniques and concepts (regression, properties of distributions, statistical tests and proper usage, etc.)Proficiency with data science and analytics tools will be plus (Such as R, python, SPSS, Excel, Tableau or Alteryx)Prior experience in health services is added advantage, but not a must.Good understanding of database and ETL techniques and tools (such as SQL, OBIEE etc.)Strong written and oral communication skills*Only SINGAPOREANS may apply*As this position is urgent, kindly email detailed CV to [email protected] / [email protected] attention to JOEW032  with:Notice period and Reason for leaving each job.We regret to inform that only shortlisted candidates will be notified.EA License No.: 08C2893EA Reg. ID: R1988043 Wan Joe YeeBy submitting your curriculum vitae or personal data to us in connection with your job application, you are deemed to have read and agreed to the terms of our Privacy Policy, and consented to the collection, use and disclosure of your personal data by us and our affiliates, in accordance with our Privacy Policy. Please access our website at www.capitasingapore.com for a copy of our Privacy Policy. If you wish to withdraw your consent, please drop us an email at [email protected] to let us know. All resumes and personal particulars sent to the aforementioned email address will NOT be attended to as the address is not for job application purposes."
15,Data Analyst (Shipping/ up to S$ 4.5K) (ID: 504548),PERSOL Singapore (a division of Capita Pte Ltd),Central,1d ago,https://www.jobstreet.com.sg/en/job/data-analyst-shipping-up-to-s$-4-5k-id:-504548-8167515?jobId=jobstreet-sg-job-8167515&sectionRank=19&token=0~a0dc3286-3f87-48b4-bfba-a600cb04b8e3&fr=SRP%20Job%20Listing,"Our client within Shipping industry is looking for Data Analyst.Job ResponsibilitiesAnalyze the system demand and return forecast results and adjust the system forecast parameters in identifying the issues.Enhance and develop system forecast logic algorithm, understanding the system forecast logic and management process Respond to the forecast system user's inquiry as to the system forecast value background.Supervise and support the junior analyst activities.Support Line Manager to expedite the team’s strategy, direction, and target.Job Requirements:Minimum Bachelor's Degree/ Diploma holder.Proficiency in Excel/VBP/Tableau/Cognos/SQLExcellent analytical skillsetStrong problem-solving and Risk analysis skillset analyzing Company internal system data as well as the forecast system background data.Ability to review complex information, perform comparative analysis, and make recommendations based on findingsIndividual who is able to mentor & coach junior staff, with strong communication skillsPreferably minimum 2 years’ experience in the industryPreferably with shipping / logistics job experienceFor interested parties, please send resume to [email protected]We regret that only shortlisted candidates will be notifiedCapita Pte Ltd | EA Licence No 08C2893  | RCB No. 200701282MGrace Chuah Chia Wen | EA Registration No : R1876066"
16,Data Analyst,ACExcellent Consulting Pte Ltd,Central,2d ago,https://www.jobstreet.com.sg/en/job/data-analyst-8165647?jobId=jobstreet-sg-job-8165647&sectionRank=22&token=0~a0dc3286-3f87-48b4-bfba-a600cb04b8e3&fr=SRP%20Job%20Listing,"Responsibilities:Create and manage Business Intelligence (BI) and analytics solutions that turn data into intelligence, to provide visibility and facilitate decision-making and actionsPerform software programming and interface with existing ERP Systems and databases that make it possible for organization to use the data effectively.Support organization on efficiency improvement in operations and processes, through development/ discovery of software and existing/new technologies.Develop process automation tools to standardize and improve efficiency of the various work flow/processes in the organizationUnderstand the requirement of each departments and develop BI tools such as reports, dashboards and/or systems for the various process owners and management, to meet business needsCreate user guides and documentation for the various BI and process automation tools, to ensure usability and maintainabilityDevelop/source and implement new technologies for more efficient and secured business processesLead, coordinate and evaluate with the various departments, to implement special IT/software related projects identifiedRequirements:Degree in IT or other equivalentMinimum 3 years of working experience on Software development (Excel) and JAVA –Eclipse (J2EE)​Qualified candidates please email your detailed CV in WORD format to [email protected]"
17,1 Year Contract Bank Data Analyst,RECRUIT EXPRESS PTE LTD,Central,2d ago,https://www.jobstreet.com.sg/en/job/1-year-contract-bank-data-analyst-8166565?jobId=jobstreet-sg-job-8166565&sectionRank=23&token=0~a0dc3286-3f87-48b4-bfba-a600cb04b8e3&fr=SRP%20Job%20Listing,"Job Scope1. Business Intelligences (dashboards / reports)Deliver dashboards / reports timely and accuratelyCarry out analytics activities at all stages of the data analytics life-cycle –understanding business needs sourcing, cleansing and transforming data conducting exploratory data analysis developing and validating models explaining analytics results, implications and proposals in business termsLocate and define new process improvement opportunitiesApply appropriate tools – R, Tableau, Business Objects, SQL & ExcelTranslate analytics findings and insights into actionable business proposals and activities2. Support ad-hoc analyticsEngage stakeholders to understand business requirementsIdentify data needed to answer business questions, consult data and process owners to assess whether data is available, and if it is suitable for the taskUse appropriate analytics tools to extract, cleanse, filter, aggregate and present data, with a focus on meeting business needs and quick turnaroundBuild and generate requested reports and dashboards, ensuring that delivery meets agreed timelines, insights are explained and analysis recommendations are actionableJob RequirementsDegree in Data Science, Data Analytics or Applied StatisticsMin 5 years of relevant experience in a Financial InstitutionTechnical skills - R programs (Intermediate level), advanced Excel functions, Excel VBA, SQL, tableau and business object (SAP)Wealth Management knowledge – WM financials, products and operations knowledgeInterested applicants please email your resume to [email protected]Ivy Tham Yi Ru (R1104692)Recruit Express Pte Ltd (EA Number: 99C4599)"
18,Operation Data Analyst,Ocean Network Express Pte Ltd,Downtown Core,1d ago,https://www.jobstreet.com.sg/en/job/operation-data-analyst-8138271?jobId=jobstreet-sg-job-8138271&sectionRank=24&token=0~a0dc3286-3f87-48b4-bfba-a600cb04b8e3&fr=SRP%20Job%20Listing,"JOB PURPOSEMeasure operation KPI and analyze issues such as container flow management data (inventory management and container flow management).Coordinate with various stakeholders and improve performance for container flow management activities.​Duties and ResponsibilitiesMeasure and analyze the Regional and front offices’ performance for container flow management activities.Based on the analysis (root cause/counter actions/preventive measurement), come up with ideas to improve the performance with various stakeholdersAnalyse operation cost result and manage the container flow positioning cost system.Work Experience (years of experience in the industry and functional area)Strong analytical skillset including data handling skills and logical thinking.Ability to review complex information, perform comparative analysis, and come up with possible solution idea based on findings and execute with various stakeholders.Good communication skillsMinimum 2 years experience in the industry will be an advantageShipping / logistics operation job experience will be an advantageInterested candidates please apply via “APPLY NOW” button.We regret only shortlisted candidates will be notified.Thank you for your application."
19,Data Analyst (US Financial MNC / Raffles / $3200),RecruitFirst Pte. Ltd,Central,1d ago,https://www.jobstreet.com.sg/en/job/data-analyst-us-financial-mnc-raffles-$3200-8167555?jobId=jobstreet-sg-job-8167555&sectionRank=25&token=0~a0dc3286-3f87-48b4-bfba-a600cb04b8e3&fr=SRP%20Job%20Listing,"1) Career Growth2) Excellent MNCResponsibilitiesSourcing and validating raw data as well as doing data quality checksAnalysing company financial statements and identifying specific data pointsUpdating and processing data onto the database adhering to time sensitivityMaintaining and enhancing existing databaseApplying problem-solving skills to enhance processes and softwareTake ownership and be proactive with key areas of responsibilitiesRequirementsBachelor or/and Master degree in Business, Finance, Accounting, Economics or equivalent work experiencePrior experience / strong knowledge and understanding of the financial marketsAbility to think critically and demonstrate examples of improving or developing processesStrong organization skills with ability to handle multiple projects simultaneously within tight deadlinesEffective project management skills and ability to prioritize tasks in a fast pace changing environmentPractical experience in interpreting financial statements and strong knowledge/understanding of finance and accountingHave passed CFA level 1 or working towards the qualificationInterested candidates please send an updated copy of your resume to [email protected]Isabel Chan Si Rong (R1768400)RecruitFirst Pte Ltd (EA 13C6342)"
20,Data Exchange Office - Analyst - (1569BR),Institute of Mental Health,Singapore,1d ago,https://www.jobstreet.com.sg/en/job/data-exchange-office-analyst-1569br-8142193?jobId=jobstreet-sg-job-8142193&sectionRank=29&token=0~a0dc3286-3f87-48b4-bfba-a600cb04b8e3&fr=SRP%20Job%20Listing,"You will be responsible for data exchange, extraction activities and analytics domain of the Data Exchange Office (DXO) with the aim to provide insights to data and maintain the DXO as a one-stop platform for data extraction and exchange within IMH and NHG across various stakeholders. You will also be responsible in ensuring data exchange activities are performed in accordance to the requirements of NHG policies.    Responsibilities:Conceptualize data request, define data needs, evaluate data quality, transform and prepare data for data request raised for various purposes.Work with data access providers to deliver datasets according to requestors' needs and requirementsPerform annual audit on data inventories within institution in data management policiesBe well versed in NHG data management policies and practices so as to advice data requestors on policy requirements Requirements: Degree/ Diploma in information management related disciplines, such as data science, statistics or computer science. A strong team-player, self-motivated, hands-on with good interpersonal skillsWell-versed in domain knowledge such as data management, data analysis, statistical modelling, dashboarding, reporting and geographical analysisProficient in analytical tools such as OBIEE, SPSS, Qliksense, Tableau, ExcelExperience in programming languages such as SQL, R or PythonProficient in MS Office applicationsComfortable with multiple touch points and able to liaise with wide range of stakeholdersAble to work independently and collaboratively with a multi-disciplinary team within NHG and with external stakeholders, such as Ministry of Health (MOH) / Ministry of Health Holdings (MOHH)Strong communication skills to facilitate management and maintain close relationships with internal and external stake holdersContract tenure applies"
21,"Senior Associate, Wealth Data Analyst, Consumer Banking Group - (WD14668)",DBS Bank Limited,Singapore,1d ago,https://www.jobstreet.com.sg/en/job/senior-associate-wealth-data-analyst-consumer-banking-group-wd14668-8168735?jobId=jobstreet-sg-job-8168735&sectionRank=30&token=0~a0dc3286-3f87-48b4-bfba-a600cb04b8e3&fr=SRP%20Job%20Listing,"Business FunctionAs the leading bank in Asia, DBS Consumer Banking Group is in a unique position to help our customers realise their dreams and ambitions. As a market leader in the consumer banking business, DBS has a full spectrum of products and services, including deposits, investments, insurance, mortgages, credit cards and personal loans, to help our customers realise their dreams and aspirations at every life stage. Our financial solutions are not only the best in the business – they were made just right for you.ResponsibilitiesWork with product managers, business managers, front office team to identify analytics and reporting requirements for Wealth management business.Translate business problems into data requirementsExplore/discover data/source systems to address analytics requests.Process raw data sources to build analytical data marts, reports for regular use.Perform deep dive analysis to address key business challenges and identify untapped opportunities.Requirement7-8 years of MIS/data analysis experiencePrevious experience in Private Banking / Wealth Management domain for at least 1-2 yearsCandidate must have strong SAS/SQL and MS Excel background and be comfortable with processing large volumes of data.Good communication skills and presentation skillA team player with the ability to work independentlyKnowledge and experience working with Python script is preferredApply NowWe offer a competitive salary and benefits package and the professional advantages of a dynamic environment that supports your development and recognises your achievements."
